file_path,handler_name,is_inline_arrow_function,has_usecallback
C:\Users\BBBS-AI-01\d\cv\visualizer\src\problems\AddSearchWords\AddSearchWordsVisualizer.jsx,onChange,true,true
C:\Users\BBBS-AI-01\d\cv\visualizer\src\problems\AddTwoNumbers\AddTwoNumbersVisualizer.jsx,onChange,true,true
C:\Users\BBBS-AI-01\d\cv\visualizer\src\problems\AddTwoNumbers\AddTwoNumbersVisualizer.jsx,onSpeedChange,true,true
C:\Users\BBBS-AI-01\d\cv\visualizer\src\problems\BalancedBinaryTree\BalancedBinaryTreeVisualizer.jsx,onChange,true,true
C:\Users\BBBS-AI-01\d\cv\visualizer\src\problems\BalancedBinaryTree\BalancedBinaryTreeVisualizer.jsx,onSpeedChange,true,true
C:\Users\BBBS-AI-01\d\cv\visualizer\src\problems\BasicCalculator\BasicCalculatorVisualizer.jsx,onSpeedChange,true,true
C:\Users\BBBS-AI-01\d\cv\visualizer\src\problems\BestTimeBuySellStock\BestTimeBuySellStockVisualizer.jsx,onChange,true,true
C:\Users\BBBS-AI-01\d\cv\visualizer\src\problems\BestTimeBuySellStock\BestTimeBuySellStockVisualizer.jsx,onSpeedChange,true,true
C:\Users\BBBS-AI-01\d\cv\visualizer\src\problems\BestTimeBuySellStockIII\BestTimeBuySellStockIIIVisualizer.jsx,onSpeedChange,true,true
C:\Users\BBBS-AI-01\d\cv\visualizer\src\problems\BestTimeBuySellStockIV\BestTimeBuySellStockIVVisualizer.jsx,onSpeedChange,true,true
C:\Users\BBBS-AI-01\d\cv\visualizer\src\problems\BinarySearch\BinarySearchVisualizer.jsx,onChange,true,true
C:\Users\BBBS-AI-01\d\cv\visualizer\src\problems\BinarySearch\BinarySearchVisualizer.jsx,onSpeedChange,true,true
C:\Users\BBBS-AI-01\d\cv\visualizer\src\problems\BinaryTreeLevelOrder\BinaryTreeLevelOrderVisualizer.jsx,onChange,true,true
C:\Users\BBBS-AI-01\d\cv\visualizer\src\problems\BinaryTreeLevelOrder\BinaryTreeLevelOrderVisualizer.jsx,onSpeedChange,true,true
C:\Users\BBBS-AI-01\d\cv\visualizer\src\problems\BinaryTreeMaxPath\BTMaxPathVisualizer.jsx,onChange,true,true
C:\Users\BBBS-AI-01\d\cv\visualizer\src\problems\BinaryTreeMaxPath\BTMaxPathVisualizer.jsx,onSpeedChange,true,true
C:\Users\BBBS-AI-01\d\cv\visualizer\src\problems\BurstBalloons\BurstBalloonsVisualizer.jsx,onSpeedChange,true,true
C:\Users\BBBS-AI-01\d\cv\visualizer\src\problems\Candy\CandyVisualizer.jsx,onSpeedChange,true,true
C:\Users\BBBS-AI-01\d\cv\visualizer\src\problems\ClimbingStairs\ClimbingStairsVisualizer.jsx,onChange,true,true
C:\Users\BBBS-AI-01\d\cv\visualizer\src\problems\ClimbingStairs\ClimbingStairsVisualizer.jsx,onSpeedChange,true,true
C:\Users\BBBS-AI-01\d\cv\visualizer\src\problems\CloneGraph\CloneGraphVisualizer.jsx,onSpeedChange,true,true
C:\Users\BBBS-AI-01\d\cv\visualizer\src\problems\CoinChange\CoinChangeVisualizer.jsx,onChange,true,true
C:\Users\BBBS-AI-01\d\cv\visualizer\src\problems\CoinChange\CoinChangeVisualizer.jsx,onSpeedChange,true,true
C:\Users\BBBS-AI-01\d\cv\visualizer\src\problems\CombinationSum\CombinationSumVisualizer.jsx,onChange,true,true
C:\Users\BBBS-AI-01\d\cv\visualizer\src\problems\CombinationSum\CombinationSumVisualizer.jsx,onSpeedChange,true,true
C:\Users\BBBS-AI-01\d\cv\visualizer\src\problems\ConstructBinaryTree\ConstructBTVisualizer.jsx,onChange,true,true
C:\Users\BBBS-AI-01\d\cv\visualizer\src\problems\ConstructBinaryTree\ConstructBTVisualizer.jsx,onSpeedChange,true,true
C:\Users\BBBS-AI-01\d\cv\visualizer\src\problems\ContainerWithMostWater\ContainerWithMostWaterVisualizer.jsx,onChange,true,true
C:\Users\BBBS-AI-01\d\cv\visualizer\src\problems\ContainerWithMostWater\ContainerWithMostWaterVisualizer.jsx,onSpeedChange,true,true
C:\Users\BBBS-AI-01\d\cv\visualizer\src\problems\ContainsDuplicate\ContainsDuplicateVisualizer.jsx,onSpeedChange,true,true
C:\Users\BBBS-AI-01\d\cv\visualizer\src\problems\CopyListRandom\CopyListRandomVisualizer.jsx,onSpeedChange,true,true
C:\Users\BBBS-AI-01\d\cv\visualizer\src\problems\CountingBits\CountingBitsVisualizer.jsx,onChange,true,true
C:\Users\BBBS-AI-01\d\cv\visualizer\src\problems\CountingBits\CountingBitsVisualizer.jsx,onSpeedChange,true,true
C:\Users\BBBS-AI-01\d\cv\visualizer\src\problems\CourseSchedule\CourseScheduleVisualizer.jsx,onChange,true,false
C:\Users\BBBS-AI-01\d\cv\visualizer\src\problems\CourseScheduleII\CourseScheduleIIVisualizer.jsx,onChange,true,true
C:\Users\BBBS-AI-01\d\cv\visualizer\src\problems\CourseScheduleII\CourseScheduleIIVisualizer.jsx,onSpeedChange,true,true
C:\Users\BBBS-AI-01\d\cv\visualizer\src\problems\DailyTemperatures\DailyTemperaturesVisualizer.jsx,onChange,true,true
C:\Users\BBBS-AI-01\d\cv\visualizer\src\problems\DailyTemperatures\DailyTemperaturesVisualizer.jsx,onSpeedChange,true,true
C:\Users\BBBS-AI-01\d\cv\visualizer\src\problems\DecodeString\DecodeStringVisualizer.jsx,onChange,true,true
C:\Users\BBBS-AI-01\d\cv\visualizer\src\problems\DecodeString\DecodeStringVisualizer.jsx,onSpeedChange,true,true
C:\Users\BBBS-AI-01\d\cv\visualizer\src\problems\DecodeWays\DecodeWaysVisualizer.jsx,onChange,true,true
C:\Users\BBBS-AI-01\d\cv\visualizer\src\problems\DecodeWays\DecodeWaysVisualizer.jsx,onSpeedChange,true,true
C:\Users\BBBS-AI-01\d\cv\visualizer\src\problems\DiameterBinaryTree\DiameterBinaryTreeVisualizer.jsx,onChange,true,true
C:\Users\BBBS-AI-01\d\cv\visualizer\src\problems\DiameterBinaryTree\DiameterBinaryTreeVisualizer.jsx,onSpeedChange,true,true
C:\Users\BBBS-AI-01\d\cv\visualizer\src\problems\DistinctSubsequences\DistinctSubsequencesVisualizer.jsx,onSpeedChange,true,true
C:\Users\BBBS-AI-01\d\cv\visualizer\src\problems\DungeonGame\DungeonGameVisualizer.jsx,onSpeedChange,true,true
C:\Users\BBBS-AI-01\d\cv\visualizer\src\problems\EditDistance\EditDistanceVisualizer.jsx,onSpeedChange,true,true
C:\Users\BBBS-AI-01\d\cv\visualizer\src\problems\EncodeDecodeStrings\EncodeDecodeVisualizer.jsx,onChange,true,true
C:\Users\BBBS-AI-01\d\cv\visualizer\src\problems\EncodeDecodeStrings\EncodeDecodeVisualizer.jsx,onSpeedChange,true,true
C:\Users\BBBS-AI-01\d\cv\visualizer\src\problems\EvalRPN\EvalRPNVisualizer.jsx,onChange,true,true
C:\Users\BBBS-AI-01\d\cv\visualizer\src\problems\EvalRPN\EvalRPNVisualizer.jsx,onSpeedChange,true,true
C:\Users\BBBS-AI-01\d\cv\visualizer\src\problems\FindAllAnagrams\FindAllAnagramsVisualizer.jsx,onSpeedChange,true,true
C:\Users\BBBS-AI-01\d\cv\visualizer\src\problems\FindDuplicate\FindDuplicateVisualizer.jsx,onChange,true,true
C:\Users\BBBS-AI-01\d\cv\visualizer\src\problems\FindDuplicate\FindDuplicateVisualizer.jsx,onSpeedChange,true,true
C:\Users\BBBS-AI-01\d\cv\visualizer\src\problems\FindMedianDataStream\FindMedianVisualizer.jsx,onChange,true,true
C:\Users\BBBS-AI-01\d\cv\visualizer\src\problems\FindMedianDataStream\FindMedianVisualizer.jsx,onSpeedChange,true,true
C:\Users\BBBS-AI-01\d\cv\visualizer\src\problems\FindMinRotatedSortedArray\FindMinRotatedVisualizer.jsx,onChange,true,true
C:\Users\BBBS-AI-01\d\cv\visualizer\src\problems\FindMinRotatedSortedArray\FindMinRotatedVisualizer.jsx,onSpeedChange,true,true
C:\Users\BBBS-AI-01\d\cv\visualizer\src\problems\FindPeakElement\FindPeakElementVisualizer.jsx,onSpeedChange,true,true
C:\Users\BBBS-AI-01\d\cv\visualizer\src\problems\FirstBadVersion\FirstBadVersionVisualizer.jsx,onSpeedChange,true,true
C:\Users\BBBS-AI-01\d\cv\visualizer\src\problems\FirstMissingPositive\FirstMissingPositiveVisualizer.jsx,onSpeedChange,true,true
C:\Users\BBBS-AI-01\d\cv\visualizer\src\problems\FlattenBinaryTree\FlattenBinaryTreeVisualizer.jsx,onSpeedChange,true,true
C:\Users\BBBS-AI-01\d\cv\visualizer\src\problems\GameOnGrowingTree\GameOnGrowingTreeVisualizer.jsx,onChange,true,true
C:\Users\BBBS-AI-01\d\cv\visualizer\src\problems\GameOnGrowingTree\GameOnGrowingTreeVisualizer.jsx,onSpeedChange,true,true
C:\Users\BBBS-AI-01\d\cv\visualizer\src\problems\GasStation\GasStationVisualizer.jsx,onSpeedChange,true,true
C:\Users\BBBS-AI-01\d\cv\visualizer\src\problems\GenerateParentheses\GenerateParenthesesVisualizer.jsx,onSpeedChange,true,true
C:\Users\BBBS-AI-01\d\cv\visualizer\src\problems\GroupAnagrams\GroupAnagramsVisualizer.jsx,onChange,true,true
C:\Users\BBBS-AI-01\d\cv\visualizer\src\problems\GroupAnagrams\GroupAnagramsVisualizer.jsx,onSpeedChange,true,true
C:\Users\BBBS-AI-01\d\cv\visualizer\src\problems\GuessNumber\GuessNumberVisualizer.jsx,onChange,true,true
C:\Users\BBBS-AI-01\d\cv\visualizer\src\problems\GuessNumber\GuessNumberVisualizer.jsx,onSpeedChange,true,true
C:\Users\BBBS-AI-01\d\cv\visualizer\src\problems\HappyNumber\HappyNumberVisualizer.jsx,onSpeedChange,true,true
C:\Users\BBBS-AI-01\d\cv\visualizer\src\problems\HouseRobber\HouseRobberVisualizer.jsx,onChange,true,false
C:\Users\BBBS-AI-01\d\cv\visualizer\src\problems\HouseRobberII\HouseRobberIIVisualizer.jsx,onChange,true,true
C:\Users\BBBS-AI-01\d\cv\visualizer\src\problems\HouseRobberII\HouseRobberIIVisualizer.jsx,onSpeedChange,true,true
C:\Users\BBBS-AI-01\d\cv\visualizer\src\problems\ImplementTrie\ImplementTrieVisualizer.jsx,onChange,true,true
C:\Users\BBBS-AI-01\d\cv\visualizer\src\problems\ImplementTrie\ImplementTrieVisualizer.jsx,onSpeedChange,true,true
C:\Users\BBBS-AI-01\d\cv\visualizer\src\problems\InsertInterval\InsertIntervalVisualizer.jsx,onSpeedChange,true,true
C:\Users\BBBS-AI-01\d\cv\visualizer\src\problems\InterleavingString\InterleavingStringVisualizer.jsx,onSpeedChange,true,true
C:\Users\BBBS-AI-01\d\cv\visualizer\src\problems\IntersectionTwoLinkedLists\IntersectionTwoLinkedListsVisualizer.jsx,onSpeedChange,true,true
C:\Users\BBBS-AI-01\d\cv\visualizer\src\problems\InvertBinaryTree\InvertBinaryTreeVisualizer.jsx,onChange,true,true
C:\Users\BBBS-AI-01\d\cv\visualizer\src\problems\InvertBinaryTree\InvertBinaryTreeVisualizer.jsx,onSpeedChange,true,true
C:\Users\BBBS-AI-01\d\cv\visualizer\src\problems\IPO\IPOVisualizer.jsx,onSpeedChange,true,true
C:\Users\BBBS-AI-01\d\cv\visualizer\src\problems\JumpGame\JumpGameVisualizer.jsx,onChange,true,true
C:\Users\BBBS-AI-01\d\cv\visualizer\src\problems\JumpGame\JumpGameVisualizer.jsx,onSpeedChange,true,true
C:\Users\BBBS-AI-01\d\cv\visualizer\src\problems\JumpGameII\JumpGameIIVisualizer.jsx,onSpeedChange,true,true
C:\Users\BBBS-AI-01\d\cv\visualizer\src\problems\KthLargestElement\KthLargestElementVisualizer.jsx,onChange,true,true
C:\Users\BBBS-AI-01\d\cv\visualizer\src\problems\KthLargestElement\KthLargestElementVisualizer.jsx,onSpeedChange,true,true
C:\Users\BBBS-AI-01\d\cv\visualizer\src\problems\KthSmallest\KthSmallestVisualizer.jsx,onChange,true,true
C:\Users\BBBS-AI-01\d\cv\visualizer\src\problems\KthSmallest\KthSmallestVisualizer.jsx,onSpeedChange,true,true
C:\Users\BBBS-AI-01\d\cv\visualizer\src\problems\KthSmallestMatrix\KthSmallestMatrixVisualizer.jsx,onChange,true,true
C:\Users\BBBS-AI-01\d\cv\visualizer\src\problems\LargestRectangleInHistogram\LargestRectangleInHistogramVisualizer.jsx,onChange,true,true
C:\Users\BBBS-AI-01\d\cv\visualizer\src\problems\LargestRectangleInHistogram\LargestRectangleInHistogramVisualizer.jsx,onSpeedChange,true,true
C:\Users\BBBS-AI-01\d\cv\visualizer\src\problems\LCABinaryTree\LCABinaryTreeVisualizer.jsx,onChange,true,true
C:\Users\BBBS-AI-01\d\cv\visualizer\src\problems\LCABinaryTree\LCABinaryTreeVisualizer.jsx,onSpeedChange,true,true
C:\Users\BBBS-AI-01\d\cv\visualizer\src\problems\LCABST\LCABSTVisualizer.jsx,onChange,true,true
C:\Users\BBBS-AI-01\d\cv\visualizer\src\problems\LCABST\LCABSTVisualizer.jsx,onSpeedChange,true,true
C:\Users\BBBS-AI-01\d\cv\visualizer\src\problems\LCS\LCSVisualizer.jsx,onChange,true,true
C:\Users\BBBS-AI-01\d\cv\visualizer\src\problems\LCS\LCSVisualizer.jsx,onSpeedChange,true,true
C:\Users\BBBS-AI-01\d\cv\visualizer\src\problems\LengthOfLastWord\LengthOfLastWordVisualizer.jsx,onSpeedChange,true,true
C:\Users\BBBS-AI-01\d\cv\visualizer\src\problems\LetterCombinations\LetterCombinationsVisualizer.jsx,onChange,true,true
C:\Users\BBBS-AI-01\d\cv\visualizer\src\problems\LetterCombinations\LetterCombinationsVisualizer.jsx,onSpeedChange,true,true
C:\Users\BBBS-AI-01\d\cv\visualizer\src\problems\LFUCache\LFUCacheVisualizer.jsx,onSpeedChange,true,true
C:\Users\BBBS-AI-01\d\cv\visualizer\src\problems\LinkedListCycle\LinkedListCycleVisualizer.jsx,onChange,true,true
C:\Users\BBBS-AI-01\d\cv\visualizer\src\problems\LinkedListCycle\LinkedListCycleVisualizer.jsx,onSpeedChange,true,true
C:\Users\BBBS-AI-01\d\cv\visualizer\src\problems\LongestConsecutiveSequence\LongestConsecutiveVisualizer.jsx,onChange,true,true
C:\Users\BBBS-AI-01\d\cv\visualizer\src\problems\LongestConsecutiveSequence\LongestConsecutiveVisualizer.jsx,onSpeedChange,true,true
C:\Users\BBBS-AI-01\d\cv\visualizer\src\problems\LongestIncreasingPath\LongestIncreasingPathVisualizer.jsx,onSpeedChange,true,true
C:\Users\BBBS-AI-01\d\cv\visualizer\src\problems\LongestIncreasingSubsequence\LongestIncreasingSubsequenceVisualizer.jsx,onChange,true,true
C:\Users\BBBS-AI-01\d\cv\visualizer\src\problems\LongestIncreasingSubsequence\LongestIncreasingSubsequenceVisualizer.jsx,onSpeedChange,true,true
C:\Users\BBBS-AI-01\d\cv\visualizer\src\problems\LongestPalindrome\LongestPalindromeVisualizer.jsx,onChange,true,true
C:\Users\BBBS-AI-01\d\cv\visualizer\src\problems\LongestPalindrome\LongestPalindromeVisualizer.jsx,onSpeedChange,true,true
C:\Users\BBBS-AI-01\d\cv\visualizer\src\problems\LongestPalindrome\PalindromeVisualizer.jsx,onChange,true,true
C:\Users\BBBS-AI-01\d\cv\visualizer\src\problems\LongestPalindrome\PalindromeVisualizer.jsx,onSpeedChange,true,true
C:\Users\BBBS-AI-01\d\cv\visualizer\src\problems\LongestRepeatingCharReplace\LongestRepeatingVisualizer.jsx,onChange,true,true
C:\Users\BBBS-AI-01\d\cv\visualizer\src\problems\LongestRepeatingCharReplace\LongestRepeatingVisualizer.jsx,onSpeedChange,true,true
C:\Users\BBBS-AI-01\d\cv\visualizer\src\problems\LongestSubstringWithoutRepeating\LongestSubstringWithoutRepeatingVisualizer.jsx,onChange,true,false
C:\Users\BBBS-AI-01\d\cv\visualizer\src\problems\LongestSubstringWithoutRepeating\LongestSubstringWithoutRepeatingVisualizer.jsx,onSpeedChange,true,false
C:\Users\BBBS-AI-01\d\cv\visualizer\src\problems\LRUCache\LRUCacheVisualizer.jsx,onChange,true,true
C:\Users\BBBS-AI-01\d\cv\visualizer\src\problems\LRUCache\LRUCacheVisualizer.jsx,onSpeedChange,true,true
C:\Users\BBBS-AI-01\d\cv\visualizer\src\problems\MajorityElement\MajorityElementVisualizer.jsx,onChange,true,true
C:\Users\BBBS-AI-01\d\cv\visualizer\src\problems\MajorityElement\MajorityElementVisualizer.jsx,onSpeedChange,true,true
C:\Users\BBBS-AI-01\d\cv\visualizer\src\problems\MatrixIterationBasics\MatrixIterationBasicsVisualizer.jsx,onChange,true,true
C:\Users\BBBS-AI-01\d\cv\visualizer\src\problems\MatrixIterationBasics\MatrixIterationBasicsVisualizer.jsx,onSpeedChange,true,true
C:\Users\BBBS-AI-01\d\cv\visualizer\src\problems\MaxDepthBinaryTree\MaxDepthBinaryTreeVisualizer.jsx,onChange,true,false
C:\Users\BBBS-AI-01\d\cv\visualizer\src\problems\MaximalRectangle\MaximalRectangleVisualizer.jsx,onChange,true,true
C:\Users\BBBS-AI-01\d\cv\visualizer\src\problems\MaximumGap\MaximumGapVisualizer.jsx,onSpeedChange,true,true
C:\Users\BBBS-AI-01\d\cv\visualizer\src\problems\MaximumSubarray\MaximumSubarrayVisualizer.jsx,onChange,true,true
C:\Users\BBBS-AI-01\d\cv\visualizer\src\problems\MaximumSubarray\MaximumSubarrayVisualizer.jsx,onSpeedChange,true,true
C:\Users\BBBS-AI-01\d\cv\visualizer\src\problems\MaxPointsOnALine\MaxPointsOnALineVisualizer.jsx,onSpeedChange,true,true
C:\Users\BBBS-AI-01\d\cv\visualizer\src\problems\MaxProductSubarray\MaxProductSubarrayVisualizer.jsx,onChange,true,true
C:\Users\BBBS-AI-01\d\cv\visualizer\src\problems\MaxProductSubarray\MaxProductSubarrayVisualizer.jsx,onSpeedChange,true,true
C:\Users\BBBS-AI-01\d\cv\visualizer\src\problems\MedianOfTwoSortedArrays\MedianOfTwoSortedArraysVisualizer.jsx,onChange,true,true
C:\Users\BBBS-AI-01\d\cv\visualizer\src\problems\MedianOfTwoSortedArrays\MedianOfTwoSortedArraysVisualizer.jsx,onSpeedChange,true,true
C:\Users\BBBS-AI-01\d\cv\visualizer\src\problems\MergeIntervals\MergeIntervalsVisualizer.jsx,onChange,true,true
C:\Users\BBBS-AI-01\d\cv\visualizer\src\problems\MergeIntervals\MergeIntervalsVisualizer.jsx,onSpeedChange,true,true
C:\Users\BBBS-AI-01\d\cv\visualizer\src\problems\MergeKSortedLists\MergeKSortedListsVisualizer.jsx,onSpeedChange,true,true
C:\Users\BBBS-AI-01\d\cv\visualizer\src\problems\MergeSortedArray\MergeSortedArrayVisualizer.jsx,onSpeedChange,true,true
C:\Users\BBBS-AI-01\d\cv\visualizer\src\problems\MergeTwoSortedLists\MergeTwoSortedListsVisualizer.jsx,onChange,true,true
C:\Users\BBBS-AI-01\d\cv\visualizer\src\problems\MergeTwoSortedLists\MergeTwoSortedListsVisualizer.jsx,onSpeedChange,true,true
C:\Users\BBBS-AI-01\d\cv\visualizer\src\problems\MinimumWindowSubstring\MinimumWindowSubstringVisualizer.jsx,onChange,true,false
C:\Users\BBBS-AI-01\d\cv\visualizer\src\problems\MinSizeSubarraySum\MinSizeSubarraySumVisualizer.jsx,onSpeedChange,true,true
C:\Users\BBBS-AI-01\d\cv\visualizer\src\problems\MinStack\MinStackVisualizer.jsx,onChange,true,true
C:\Users\BBBS-AI-01\d\cv\visualizer\src\problems\MinStack\MinStackVisualizer.jsx,onSpeedChange,true,true
C:\Users\BBBS-AI-01\d\cv\visualizer\src\problems\MissingNumber\MissingNumberVisualizer.jsx,onSpeedChange,true,true
C:\Users\BBBS-AI-01\d\cv\visualizer\src\problems\MoveZeroes\MoveZeroesVisualizer.jsx,onSpeedChange,true,true
C:\Users\BBBS-AI-01\d\cv\visualizer\src\problems\NextPermutation\NextPermutationVisualizer.jsx,onSpeedChange,true,true
C:\Users\BBBS-AI-01\d\cv\visualizer\src\problems\NonOverlappingIntervals\NonOverlappingIntervalsVisualizer.jsx,onChange,true,true
C:\Users\BBBS-AI-01\d\cv\visualizer\src\problems\NonOverlappingIntervals\NonOverlappingIntervalsVisualizer.jsx,onSpeedChange,true,true
C:\Users\BBBS-AI-01\d\cv\visualizer\src\problems\NQueens\NQueensVisualizer.jsx,onSpeedChange,true,true
C:\Users\BBBS-AI-01\d\cv\visualizer\src\problems\NumberOf1Bits\NumberOf1BitsVisualizer.jsx,onSpeedChange,true,true
C:\Users\BBBS-AI-01\d\cv\visualizer\src\problems\NumberOfIslands\NumberOfIslandsVisualizer.jsx,onChange,true,true
C:\Users\BBBS-AI-01\d\cv\visualizer\src\problems\NumberOfIslands\NumberOfIslandsVisualizer.jsx,onSpeedChange,true,true
C:\Users\BBBS-AI-01\d\cv\visualizer\src\problems\PacificAtlantic\PacificAtlanticVisualizer.jsx,onChange,true,true
C:\Users\BBBS-AI-01\d\cv\visualizer\src\problems\PalindromeLinkedList\PalindromeLinkedListVisualizer.jsx,onSpeedChange,true,true
C:\Users\BBBS-AI-01\d\cv\visualizer\src\problems\PalindromeNumber\PalindromeNumberVisualizer.jsx,onChange,true,true
C:\Users\BBBS-AI-01\d\cv\visualizer\src\problems\PalindromeNumber\PalindromeNumberVisualizer.jsx,onSpeedChange,true,true
C:\Users\BBBS-AI-01\d\cv\visualizer\src\problems\PalindromePartitioning\PalindromePartitioningVisualizer.jsx,onChange,true,true
C:\Users\BBBS-AI-01\d\cv\visualizer\src\problems\PalindromePartitioning\PalindromePartitioningVisualizer.jsx,onSpeedChange,true,true
C:\Users\BBBS-AI-01\d\cv\visualizer\src\problems\PalindromePartitioningII\PalindromePartitioningIIVisualizer.jsx,onSpeedChange,true,true
C:\Users\BBBS-AI-01\d\cv\visualizer\src\problems\PalindromicSubstrings\PalindromicSubstringsVisualizer.jsx,onChange,true,true
C:\Users\BBBS-AI-01\d\cv\visualizer\src\problems\PalindromicSubstrings\PalindromicSubstringsVisualizer.jsx,onSpeedChange,true,true
C:\Users\BBBS-AI-01\d\cv\visualizer\src\problems\PartitionEqualSubset\PartitionEqualSubsetVisualizer.jsx,onSpeedChange,true,true
C:\Users\BBBS-AI-01\d\cv\visualizer\src\problems\PascalsTriangle\PascalsTriangleVisualizer.jsx,onSpeedChange,true,true
C:\Users\BBBS-AI-01\d\cv\visualizer\src\problems\PermutationInString\PermutationInStringVisualizer.jsx,onSpeedChange,true,true
C:\Users\BBBS-AI-01\d\cv\visualizer\src\problems\Permutations\PermutationsVisualizer.jsx,onChange,true,true
C:\Users\BBBS-AI-01\d\cv\visualizer\src\problems\Permutations\PermutationsVisualizer.jsx,onSpeedChange,true,true
C:\Users\BBBS-AI-01\d\cv\visualizer\src\problems\PlusOne\PlusOneVisualizer.jsx,onSpeedChange,true,true
C:\Users\BBBS-AI-01\d\cv\visualizer\src\problems\PowerOfTwo\PowerOfTwoVisualizer.jsx,onSpeedChange,true,true
C:\Users\BBBS-AI-01\d\cv\visualizer\src\problems\ProductOfArrayExceptSelf\ProductOfArrayExceptSelfVisualizer.jsx,onChange,true,true
C:\Users\BBBS-AI-01\d\cv\visualizer\src\problems\ProductOfArrayExceptSelf\ProductOfArrayExceptSelfVisualizer.jsx,onSpeedChange,true,true
C:\Users\BBBS-AI-01\d\cv\visualizer\src\problems\RandomizedCollection\RandomizedCollectionVisualizer.jsx,onSpeedChange,true,true
C:\Users\BBBS-AI-01\d\cv\visualizer\src\problems\RedundantConnection\RedundantConnectionVisualizer.jsx,onChange,true,true
C:\Users\BBBS-AI-01\d\cv\visualizer\src\problems\RedundantConnection\RedundantConnectionVisualizer.jsx,onSpeedChange,true,true
C:\Users\BBBS-AI-01\d\cv\visualizer\src\problems\RemoveDuplicates\RemoveDuplicatesVisualizer.jsx,onSpeedChange,true,true
C:\Users\BBBS-AI-01\d\cv\visualizer\src\problems\RemoveNthNode\RemoveNthNodeVisualizer.jsx,onChange,true,true
C:\Users\BBBS-AI-01\d\cv\visualizer\src\problems\RemoveNthNode\RemoveNthNodeVisualizer.jsx,onSpeedChange,true,true
C:\Users\BBBS-AI-01\d\cv\visualizer\src\problems\ReorderList\ReorderListVisualizer.jsx,onSpeedChange,true,true
C:\Users\BBBS-AI-01\d\cv\visualizer\src\problems\ReverseBits\ReverseBitsVisualizer.jsx,onSpeedChange,true,true
C:\Users\BBBS-AI-01\d\cv\visualizer\src\problems\ReverseInteger\ReverseIntegerVisualizer.jsx,onChange,true,true
C:\Users\BBBS-AI-01\d\cv\visualizer\src\problems\ReverseInteger\ReverseIntegerVisualizer.jsx,onSpeedChange,true,true
C:\Users\BBBS-AI-01\d\cv\visualizer\src\problems\ReverseKGroup\ReverseKGroupVisualizer.jsx,onSpeedChange,true,true
C:\Users\BBBS-AI-01\d\cv\visualizer\src\problems\ReverseLinkedList\ReverseLinkedListVisualizer.jsx,onChange,true,true
C:\Users\BBBS-AI-01\d\cv\visualizer\src\problems\ReverseLinkedList\ReverseLinkedListVisualizer.jsx,onSpeedChange,true,true
C:\Users\BBBS-AI-01\d\cv\visualizer\src\problems\ReverseString\ReverseStringVisualizer.jsx,onSpeedChange,true,true
C:\Users\BBBS-AI-01\d\cv\visualizer\src\problems\RightSideView\RightSideViewVisualizer.jsx,onChange,true,true
C:\Users\BBBS-AI-01\d\cv\visualizer\src\problems\RightSideView\RightSideViewVisualizer.jsx,onSpeedChange,true,true
C:\Users\BBBS-AI-01\d\cv\visualizer\src\problems\RotateArray\RotateArrayVisualizer.jsx,onSpeedChange,true,true
C:\Users\BBBS-AI-01\d\cv\visualizer\src\problems\RotateImage\RotateImageVisualizer.jsx,onSpeedChange,true,true
C:\Users\BBBS-AI-01\d\cv\visualizer\src\problems\RottingOranges\RottingOrangesVisualizer.jsx,onChange,true,true
C:\Users\BBBS-AI-01\d\cv\visualizer\src\problems\RottingOranges\RottingOrangesVisualizer.jsx,onSpeedChange,true,true
C:\Users\BBBS-AI-01\d\cv\visualizer\src\problems\SameTree\SameTreeVisualizer.jsx,onChange,true,true
C:\Users\BBBS-AI-01\d\cv\visualizer\src\problems\SameTree\SameTreeVisualizer.jsx,onSpeedChange,true,true
C:\Users\BBBS-AI-01\d\cv\visualizer\src\problems\Search2DMatrix\Search2DMatrixVisualizer.jsx,onSpeedChange,true,true
C:\Users\BBBS-AI-01\d\cv\visualizer\src\problems\SearchInRotatedSortedArray\SearchInRotatedSortedArrayVisualizer.jsx,onChange,true,true
C:\Users\BBBS-AI-01\d\cv\visualizer\src\problems\SearchInRotatedSortedArray\SearchInRotatedSortedArrayVisualizer.jsx,onSpeedChange,true,true
C:\Users\BBBS-AI-01\d\cv\visualizer\src\problems\SerializeDeserialize\SerializeDeserializeVisualizer.jsx,onSpeedChange,true,true
C:\Users\BBBS-AI-01\d\cv\visualizer\src\problems\SetMatrixZeroes\SetMatrixZeroesVisualizer.jsx,onSpeedChange,true,true
C:\Users\BBBS-AI-01\d\cv\visualizer\src\problems\SingleNumber\SingleNumberVisualizer.jsx,onSpeedChange,true,true
C:\Users\BBBS-AI-01\d\cv\visualizer\src\problems\SkylineProblem\SkylineProblemVisualizer.jsx,onSpeedChange,true,true
C:\Users\BBBS-AI-01\d\cv\visualizer\src\problems\SlidingWindowMaximum\SlidingWindowMaxVisualizer.jsx,onChange,true,true
C:\Users\BBBS-AI-01\d\cv\visualizer\src\problems\SlidingWindowMaximum\SlidingWindowMaxVisualizer.jsx,onSpeedChange,true,true
C:\Users\BBBS-AI-01\d\cv\visualizer\src\problems\SortColors\SortColorsVisualizer.jsx,onSpeedChange,true,true
C:\Users\BBBS-AI-01\d\cv\visualizer\src\problems\SortList\SortListVisualizer.jsx,onSpeedChange,true,true
C:\Users\BBBS-AI-01\d\cv\visualizer\src\problems\SpiralMatrix\SpiralMatrixVisualizer.jsx,onChange,true,true
C:\Users\BBBS-AI-01\d\cv\visualizer\src\problems\SpiralMatrix\SpiralMatrixVisualizer.jsx,onSpeedChange,true,true
C:\Users\BBBS-AI-01\d\cv\visualizer\src\problems\StringToIntegerAtoi\AtoiVisualizer.jsx,onChange,true,true
C:\Users\BBBS-AI-01\d\cv\visualizer\src\problems\StringToIntegerAtoi\AtoiVisualizer.jsx,onSpeedChange,true,true
C:\Users\BBBS-AI-01\d\cv\visualizer\src\problems\StringToIntegerAtoi\StringToIntegerAtoiVisualizer.jsx,onChange,true,true
C:\Users\BBBS-AI-01\d\cv\visualizer\src\problems\StringToIntegerAtoi\StringToIntegerAtoiVisualizer.jsx,onSpeedChange,true,true
C:\Users\BBBS-AI-01\d\cv\visualizer\src\problems\SubarraySumEqualsK\SubarraySumKVisualizer.jsx,onChange,true,true
C:\Users\BBBS-AI-01\d\cv\visualizer\src\problems\SubarraySumEqualsK\SubarraySumKVisualizer.jsx,onSpeedChange,true,true
C:\Users\BBBS-AI-01\d\cv\visualizer\src\problems\Subsets\SubsetsVisualizer.jsx,onChange,true,true
C:\Users\BBBS-AI-01\d\cv\visualizer\src\problems\Subsets\SubsetsVisualizer.jsx,onSpeedChange,true,true
C:\Users\BBBS-AI-01\d\cv\visualizer\src\problems\SubstringConcatenation\SubstringConcatenationVisualizer.jsx,onSpeedChange,true,true
C:\Users\BBBS-AI-01\d\cv\visualizer\src\problems\SubtreeOfAnotherTree\SubtreeVisualizer.jsx,onChange,true,true
C:\Users\BBBS-AI-01\d\cv\visualizer\src\problems\SubtreeOfAnotherTree\SubtreeVisualizer.jsx,onSpeedChange,true,true
C:\Users\BBBS-AI-01\d\cv\visualizer\src\problems\SudokuSolver\SudokuSolverVisualizer.jsx,onSpeedChange,true,true
C:\Users\BBBS-AI-01\d\cv\visualizer\src\problems\SwimInRisingWater\SwimInRisingWaterVisualizer.jsx,onChange,true,true
C:\Users\BBBS-AI-01\d\cv\visualizer\src\problems\SymmetricTree\SymmetricTreeVisualizer.jsx,onChange,true,true
C:\Users\BBBS-AI-01\d\cv\visualizer\src\problems\SymmetricTree\SymmetricTreeVisualizer.jsx,onSpeedChange,true,true
C:\Users\BBBS-AI-01\d\cv\visualizer\src\problems\TextJustification\TextJustificationVisualizer.jsx,onSpeedChange,true,true
C:\Users\BBBS-AI-01\d\cv\visualizer\src\problems\ThreeSum\ThreeSumVisualizer.jsx,onChange,true,true
C:\Users\BBBS-AI-01\d\cv\visualizer\src\problems\ThreeSum\ThreeSumVisualizer.jsx,onSpeedChange,true,true
C:\Users\BBBS-AI-01\d\cv\visualizer\src\problems\TopKFrequent\TopKFrequentVisualizer.jsx,onChange,true,true
C:\Users\BBBS-AI-01\d\cv\visualizer\src\problems\TopKFrequent\TopKFrequentVisualizer.jsx,onSpeedChange,true,true
C:\Users\BBBS-AI-01\d\cv\visualizer\src\problems\TrappingRainWater\TrappingRainWaterVisualizer.jsx,onChange,true,true
C:\Users\BBBS-AI-01\d\cv\visualizer\src\problems\TrappingRainWater\TrappingRainWaterVisualizer.jsx,onSpeedChange,true,true
C:\Users\BBBS-AI-01\d\cv\visualizer\src\problems\TwoSum\TwoSumVisualizer.jsx,onChange,true,true
C:\Users\BBBS-AI-01\d\cv\visualizer\src\problems\TwoSum\TwoSumVisualizer.jsx,onSpeedChange,true,true
C:\Users\BBBS-AI-01\d\cv\visualizer\src\problems\TwoSumII\TwoSumIIVisualizer.jsx,onChange,true,true
C:\Users\BBBS-AI-01\d\cv\visualizer\src\problems\TwoSumII\TwoSumIIVisualizer.jsx,onSpeedChange,true,true
C:\Users\BBBS-AI-01\d\cv\visualizer\src\problems\UniquePaths\UniquePathsVisualizer.jsx,onChange,true,true
C:\Users\BBBS-AI-01\d\cv\visualizer\src\problems\UniquePaths\UniquePathsVisualizer.jsx,onSpeedChange,true,true
C:\Users\BBBS-AI-01\d\cv\visualizer\src\problems\ValidAnagram\ValidAnagramVisualizer.jsx,onChange,true,true
C:\Users\BBBS-AI-01\d\cv\visualizer\src\problems\ValidAnagram\ValidAnagramVisualizer.jsx,onSpeedChange,true,true
C:\Users\BBBS-AI-01\d\cv\visualizer\src\problems\ValidateBST\ValidateBSTVisualizer.jsx,onChange,true,true
C:\Users\BBBS-AI-01\d\cv\visualizer\src\problems\ValidateBST\ValidateBSTVisualizer.jsx,onSpeedChange,true,true
C:\Users\BBBS-AI-01\d\cv\visualizer\src\problems\ValidPalindrome\ValidPalindromeVisualizer.jsx,onChange,true,true
C:\Users\BBBS-AI-01\d\cv\visualizer\src\problems\ValidPalindrome\ValidPalindromeVisualizer.jsx,onSpeedChange,true,true
C:\Users\BBBS-AI-01\d\cv\visualizer\src\problems\ValidParentheses\ValidParenthesesVisualizer.jsx,onChange,true,true
C:\Users\BBBS-AI-01\d\cv\visualizer\src\problems\ValidParentheses\ValidParenthesesVisualizer.jsx,onSpeedChange,true,true
C:\Users\BBBS-AI-01\d\cv\visualizer\src\problems\ValidSudoku\ValidSudokuVisualizer.jsx,onSpeedChange,true,true
C:\Users\BBBS-AI-01\d\cv\visualizer\src\problems\WildcardMatching\WildcardMatchingVisualizer.jsx,onSpeedChange,true,true
C:\Users\BBBS-AI-01\d\cv\visualizer\src\problems\WordBreak\WordBreakVisualizer.jsx,onChange,true,true
C:\Users\BBBS-AI-01\d\cv\visualizer\src\problems\WordBreak\WordBreakVisualizer.jsx,onSpeedChange,true,true
C:\Users\BBBS-AI-01\d\cv\visualizer\src\problems\WordLadder\WordLadderVisualizer.jsx,onSpeedChange,true,true
C:\Users\BBBS-AI-01\d\cv\visualizer\src\problems\WordSearch\WordSearchVisualizer.jsx,onChange,true,true
C:\Users\BBBS-AI-01\d\cv\visualizer\src\problems\WordSearch\WordSearchVisualizer.jsx,onSpeedChange,true,true
C:\Users\BBBS-AI-01\d\cv\visualizer\src\problems\WordSearchII\WordSearchIIVisualizer.jsx,onSpeedChange,true,true
C:\Users\BBBS-AI-01\d\cv\visualizer\src\problems\ZigzagConversion\ZigzagVisualizer.jsx,onChange,true,true
C:\Users\BBBS-AI-01\d\cv\visualizer\src\problems\ZigzagConversion\ZigzagVisualizer.jsx,onSpeedChange,true,true
